{
  "metrics/mAP50-95(B)": 0.1971980071717549,
  "metrics/mAP50(B)": NaN,
  "metrics/mAP_per_class": [
    0.366659853431983,
    0.12736065189470552,
    0.7724946701866808,
    0.05719742092996225,
    0.19241938824333568,
    0.1485326091451648,
    0.09559042998980716,
    0.1201534445087388,
    0.5452809894129211,
    0.1971980071717549,
    0.017930828972658047,
    0.08254333801574805,
    0.03488552282701959,
    0.007661023947151115,
    0.3913795632686182,
    0.009523809523809521,
    0.1855545704497744
  ],
  "nc": 17,
  "classes": [
    "car",
    "cardboard box",
    "forklift",
    "freight container",
    "gloves",
    "helmet",
    "ladder",
    "license plate",
    "person",
    "qr code",
    "road sign",
    "safety vest",
    "traffic cone",
    "traffic light",
    "truck",
    "van",
    "wood pallet"
  ],
  "epochs": 40,
  "imgsz": 896
}